,,,,
أ,سورة في القرآن الكريم يطلق عليها أخت الطويلتين؟,الأعراف,,
أ,غزوة جرح فيها رسول الله صلى الله عليه وسلم وكسرت رباعيته وأشيع فيها أنه قتل؟,أحــد,,
أ,أول من جمع القرآن الكريم بين لوحين؟,أبو بكر الصديق,,
أ,كنية تكنى بها أسد الله حمزة بن عبد المطلب عم رسول الله وسيد الشهداء؟,أبو عمارة,,
أ,من القائل: (ما أحد يحمل محبرةً وإلا للشافعي عليه منّةٌ)؟,أحمد بن حنبل,,
أ,يطلق على صوت المرجل؟,أزيز,,
أ,لقب أطلقه أهل مكة على محمد صلى الله عليه وسلم قبل الإسلام؟,الأمين,,
أ,صحابي جليل فرض له عمر بن الخطاب أكثر مما فرض لابنه؟,أسامة بن زيد,,
أ,الصحابية التي لقبت بـ(مهاجرة الهجرتين)؟,أسماء بنت عميس,,
أ,حيوان يطلق عليه (أسامة),الأسد,,
أ,شاعر جاهلي لقب قبل موته بـ(ذي القروح)؟,امرؤ القيس,,
أ,من القائل: فيـا ليـت الشباب يعـود يومـاً...؟,أبو العتاهية,,
أ,مؤلف كتاب ((لسان العرب)),ابن منظور,,
أ,فرقة من فرق النصارى؟,الأرثوذكس,,
أ,وكالة الأنباء التركية؟,الأناضول,,
أ,الفيلسوف الذي أطلق عليه لقب المعلم الأول؟,أرسطو,,
أ,كنية لآدم - عليه السلام -؟,أبو البشر,,
أ,من القائل: نقل فؤادك حيث شئت من الهوى...؟,أبو تمام,,
أ,اسم للعاصمة الفلبينية (مانيلا) قبل أن تسمى بهذا الاسم؟,أمان الله,,
أ,مؤسس علم الاجتماع من أشهر كتبه(العبر وديوان المبتدأ والخبر)؟,ابن خلدون,,
أ,أول من سمى القرآن الكريم مصحفاً؟,أبو بكر الصديق,,
أ,بحار عربي لقب بأسد البحار؟,أحمد بن ماجد,,
أ,وحدة لقياس شدة التيار الكهربائي؟,الأمبير,,
أ,الاسم الذي كان يطلق على أسبانيا قديماً؟,الأندلس,,
أ,البحر الذي يفصل بين إيطاليا ويوغسلافيا؟,الإدرياتيكي,,
أ,كنية تكنى بها أنثى الثعلب؟,أم عويل,,
أ,من الصحابة لقب بسيد القراء؟,أبي بن كعب,,
أ,قائد موقعة الجسر التي كانت في عهد عمر بن الخطاب؟,أبو عبيدة الثقفي,,
أ,سيدا كهول أهل الجنة أحدهما عمر بن الخطاب. فمن الآخر؟,أبو بكر الصديق,,
أ,اسم يطلق على العملة البرتغالية؟,إسكودو,,
ب,سورة من سور القرآن الكريم يطلق عليها سنام القرآن؟,البقرة,,
ب,عالم مسلم هو أول من اكتشف أن سرعة الضوء أكبر من سرعة الصوت,البيروني,,
ب,الحرب التي حدثت في الجاهلية واستمرت قرابة الأربعين عاماً بين بكر وتغلب؟,البسوس,,
ب,من بحور الشعر العربي؟,البسيط,,
ب,الشاعر العباسي الذي مات تحت ضرب السياط؟,بشار بن برد,,
ب,شاعر أعمى كان دقيقاً في وصف المعارك والحروب؟,بشار بن برد,,
ب,يطلق على الولد الأول؟,البِكر,,
ب,مقياس أو وحدة طول تساوي جزءً واحداً من اثني عشر جزءً من القدم؟,البوصة,,
ب,شاعر عباسي اسمه أبو عبادة الوليد بن عبيد الله الطائي، فما لقبه؟,البحتري,,
ب,عملة إثيوبيا؟,بير,,
ب,وكالة الأنباء البلجيكية؟,بلجا,,
ب,سلسلة جبال تقع بين فرنسا وأسبانيا؟,البرانس,,
ب,ما عاصمة كولومبيا؟,بوجوتا,,
ب,من المعاجم العربية لأبي علي المقالي؟,البارع,,
ب,متحف الإسكندريةعتبر من أقدم المتاحف في العالم حيث أنشئ عام 280 ق.م؟,بطليموس الأول,,
ب,اسم يطلق على نوع من الصقور؟,الباز,,
ب,أول طبيب أجرى عملية زراعة قلب؟,برنارد,,
ب,مدينة أوروبية أقيمت فيها أول دورة أولمبية عام 1900م؟,باريس,,
ب,الفيلسوف الهندي الذي كتب كتاب (كليلة ودمنة)؟,بيدبا,,
ب,لقب أطلق على السيدة مريم أم نبي الله عيسى عليه السلام؟,البتول,,
ب,الاسم القديم الذي كان يطلق على بائع الأقمشة والحرير؟,بزاز,,
ب,امرأة بريطانية تعتبر أول امرأة تقود طائرة الكونكورد؟,باربرا هارمر,,
ب,ما عاصمة تشيكو سلوفاكيا؟,براغ,,
ب,يطلق على أطول عظمة في إبهام القدم؟,البوع,,
ب,مجلة قاهرية أسسها عبد الرحمن البرقوقي عام 1911م؟,البيان,,
ب,دولة في أمريكا اللاتينية هي الدولة الوحيدة التي تتكلم البرتغالية؟,البرازيل,,
ب,أبعد الكواكب عن الشمس تم اكتشافه في مطلع القرن العشرين؟,بلوتو,,
ب,في القرآن الكريم ذكر لفظ الزمهرير فما معناه؟,البرد الشديد,,
ب,الدولة التي يقع فيها مقر وكالة أنباء الخليج؟,البحرين,,
ب,من الدول التي تمتلك حق النقض ((الفيتو)),بريطانيا,,
ت,سورة في القرآن الكريم ابتدأت باسم ثمرتين؟,التين,,
ت,صحابي جليل يكنى بأبي رقية كان نصرانياً فأسلم عام 9 هـ؟,تميم بن أوس الداري,,
ت,مرض من الأمراض الصيفية وهو (حمى خبيثة)؟,التيفود,,
ت,أعلى هضبة في العالم هضبة؟,التبت,,
ت,عاصمة الصين الوطنية؟,تايبيه,,
ت,مؤلف كتاب مشكاة المصابيح؟,التبريزي,,
ت,أكمل هذه العبارة المشهورة (( تاج المروءة ......... )) ؟,التواضع,,
ت,يطلق على الفرويدية : مدرسة ............. ؟,التحليل النفسي,,
ت,يطلق على وكالة تونس للأنباء؟,تاب,,
ت,آية من آيات الملك منحها الله سبحانه وتعالى لطالوت؟,تابوت,,
ت,نرويجي هو أول سكرتير عام لهيئة الأمم المتحدة؟,ترينغ,,
ت,مكوك فضائي أمريكي انفجر بعد انطلاقه بثوان أمام كل الحاضرين في عام 1986 م؟,تشالنجر,,
ت,مدينة إيرانية فيها مسجد يطلق عليه المسجد الأزرق وهذا المسجد من آثار المسلمين الأولى في تلك البلاد؟,تبريز,,
ت,أسرع المخلوقات البحرية؟,التونة,,
ت,مدينة يمنية مشهورة . من أشهر معالمها جبل صبر؟,تعز,,
ت,يستخدم في رؤية الأجسام البعيدة جداً؟,تلسكوب,,
ت,مبنى يستعمل في تسوية الخبز؟,تنور,,
ت,آلة حربية كانت تستخدم في الدفاع عن المدن قديماً؟,ترس,,
ت,التوسع في المال والعلم؟,تورع,,
ت,لقب أحد الشعراء الصعاليك اسمه ثابت بن جابر اشتهر بلقبه فمن هو؟,تأبط شراً,,
ت,مقبرة هندية مبنية من الرخام الأبيض تعتبر من عجائب الدنيا السبع؟,تاج محل,,
ت,الفاضحة والمبعثرة اسمان لسورة من القرآن؟,التوبة,,
ت,هو تفريق المال على وجه الإسراف؟,تبذير,,
ت,أعلى بحيرة في العالم تقع بين البيرو وبوليفيا وتسمى بحيرة ............. ؟,تيتيكاكا,,
ت,ما الدولة التي عاصمتها (( عشق آباد )) ؟,تركمانستان,,
ت,من المعجمات العربية المشهورة لأبي بكر الزبيدي؟,تاج العروس,,
ت,عاصمة جمهورية جورجيا؟,تفليس,,
ت,دكتاتور روماني حكم 24 عاماً قبل أن يعدم هو وزوجته؟,تشاوسيسكو,,
ت,الإيطالي الذي اخترع البارومتر؟,توديشلي,,
ت,الأمريكي الذي اخترع الرادار؟,تايلر يونج,,
ث,صحابي جليل بايع الرسول e على أن لا يسأل الناس شيئاً؟,ثوبان مولى رسول الله,,
ث,يطْلَق على المرأة التي سبق لها الزواج؟,ثيب,,
ث,بلدة الرحالة العربي المشهور أحمد بن ماجد قرب الرياض ( في السعودية )؟,ثرمدا,,
ث,مؤلف كتاب فقه اللغة؟,الثعالبي,,
ث,جريدة عراقية رسمية؟,الثورة,,
ث,الغاز الذي يستعمل في إطفاء الحرائق؟,ثاني أكسيد الكربون,,
ث,مولى لرسول الله e؟,ثوبان,,
ث,أول من دخل الكعبة ملبياً؟,ثمامة بن آثال,,
ث,اسم الشاعر الجاهلي الملقب بالشنفري الأزدي من شعراء الصعاليك؟,ثابت بن أوس الأزدي,,
ث,مضاد حيوي طبيعي يستخدم في الطعام والدواء؟,الثوم,,
ث,من خطباء المسلمين الأوائل لقب بخطيب الرسول e؟,ثابت بن قيس,,
ث,صاحب كتاب الذخيرة في الطب؟,ثابت بن قرة,,
ث,يطلق في اللغة على الموضع في جسم الرجل بمنزلة الثدي للمرأة؟,الثُّنْدُؤَة,,
ث,صفة من أهم صفات الشجاعة؟,الثبات,,
ث,فيمن نزلت الآية الكريمة (( يا أيها الذين آمنوا لا ترفعوا أصواتكم فوق صوت النبي ))؟,ثابت بن قيس,,
ث,يطلق على سد مشهور بالعراق؟,الثرثار,,
ث,يطلق على الانتفاضة التي قام بها العبيد في نيويورك عام 1712 م؟,ثورة العبيد,,
ث,يطلق في اللغة على الجماعة من الناس؟,ثلة,,
ث,الجهاز الذي تسجل به حرارة الجو بطريقة آلية؟,ثرموجراف,,
ث,طعام يتكون من خبز ومرق؟,ثريد,,
ث,أول من أرضعت رسول الله e؟,ثويبة مولاة أبي لهب,,
ث,كلمة تستطيع أن تقرأها من اليمين والشمال؟,ثلث,,
ث,يطلق على مجموعة النجوم المتلاصقة؟,الثريا,,
ث,في اللغة بمعنى الهلاك والخسران؟,الثبور,,
ث,في اللغة بمعنى الحمقاء؟,الثَّـأطاء,,
ث,عدد القتلى في هيروشيما عام ( 1945م ) من أثر القنبلة الذرية؟,ثمانون ألفاً,,
ث,مرض من أمراض الدم؟,الثلاسيميا,,
ث,من المظاهر الفلكية في الكون التي حيرت العلماء؟,الثقوب السوداء,,
ث,الماء السائل سيلاناً شديدا؟,ثجاج,,
ث,مرض يصيب فروة شعر الإنسان,ثعلبة,,
ج,نقيب المهاجرين الذين هاجروا إلى الحبشة وخطيبهم والناطق بلسانهم؟,جعفر بن أبي طالب,,
ج,اسم الصحابي الجليل الذي يكنى بأبي ذر الغفاري؟,جندب بن جنادة,,
ج,ذروة سنام الإسلام؟,الجهاد في سبيل الله,,
ج,أهجى شعراء العرب,جرير,,
ج,أكبر جزيرة في العالم؟,جرين لاند,,
ج,مكتشف قارة آسيا؟,جيمس كوك,,
ج,عالم عربي مشهور يلقب بأبي الكيمياء؟,جابر بن حيان,,
ج,يهودي مجرم نفذ مذبحة الحرم الإبراهيمي وقتل فيها عشرات المصلين أثناء تأديتهم الصلاة؟,جولد اشتاين,,
ج,مؤسس الإمبراطورية المغولية؟,جنكيز خان,,
ج,القبيلة التي تنتمي إليها زرقاء اليمامة مضرب المثل في قوة البصر؟,جديس,,
ج,يطلق على الثلاثة والثلاثون عاماً؟,جيل,,
ج,العلم الذي يعنى بعلم طبقات الأرض؟,جيولوجيا,,
ج,علم مسح الأرض؟,جيوديسيا,,
ج,من المعاجم العربية لأحمد فارس الشدياق المتوفى 1888 م؟,الجاسوس على القاموس,,
ج,مدينة عربية فيها أعلى نافورة في العالم؟,جــــدة,,
ج,يطلق على البئر الذي لم يبن بالحجارة؟,جب,,
ج,آخر ملوك الغساسنة أسلم ثم ارتد وتنصر؟,جبلة بن الأيهم,,
ج,من المؤلفات المهمة لفضيلة الشيخ محمد الغزالي رحمه الله تعالى؟,جدد حياتك,,
ج,أول ميناء نفطي في أبو ظبي؟,جبل الظنة,,
ج,المخترع الألماني الذي اخترع أول مطبعة ذات حروف؟,جوتنبرغ,,
ج,العالم الفرنسي الذي الذي اكتشف البنسلين؟,جرهارت,,
ج,امرأة شغلت منصب رئيس الوزراء في الكيان الصهيوني؟,جولد مائير,,
ج,اسم الشاعر الملقب (( بالحطيئة ))؟,جرول بن أوس,,
ج,وحدة أساسية لانتقال الصفات الوراثية في الحيوان والنبات؟,جينات,,
ج,من أسماء الصخر؟,جلمود,,
ج,في اللغة يطلق على أشد الحرص؟,الجشع,,
ج,مخترع آلة التصوير الفوتوغرافي؟,جورج إيستمان,,
ج,من المعاجم المشهورة لابن دريد البصري؟,الجمهرة,,
ج,مدينة يطلق عليها مدينة الذهب؟,جوهانسبرج,,
ج,المحامي الفرنسي الذي أسس بطولة كأس العالم لكرة القدم؟,جول ريميه,,
ح,سورة في القرآن الكريم ورد فيها ذكر الذباب؟,الحج,,
ح,غزوة عقد رسول اللهe لواءها لعلي بن أبي طالب رضي الله عنه؟,حمراء الأسد,,
ح,امرأة في الجاهلية ضرب بها المثل في صدق الخبر؟,حذام,,
ح,وحدة لقياس القدرة تساوي 550رطل/ قدم في الثانية ويقاس بها قوة المحركات؟,الحصان,,
ح,صحابي جليل انتدبه رسول اللهe لأتيه بخبر المشركين في غزوة الأحزاب بعد أن هبت ريح دمرت أمتعتهم وشتت جمعهم؟,حذيفة بن اليمان,,
ح,يطلق على صوت المحتضر؟,حشرجة,,
ح,شاعر اشتهر بالهجاء حبسه أمير المؤمنين عمر بن الخطاب رضي الله عنه وقيل : أنه اشترى منه أعراض المسلمين بثلاثة آلاف درهم وهدد إن عاد قطع لسانه؟,الحطيئة,,
ح,اسم الشيماء أخت الرسولe من الرضاعة؟,حذافة بنت الحارث,,
ح,من تلاميذ الإمام الشافعي,يلقب بالشيباني,آراءه الفقهية مستمدة مباشرة من الحديث الشريف ، له مسند باسمه ، اشتهر مذهبه بالمذهب ................؟,الحنبلي
ح,قرية عراقية كردية قام النظام العراقي البعثي بقصفها بالغازات السامة والأسلحة الكيماوية مما أدى إلى قتل خمسة آلاف فرد غير الإصابات الخطيرة؟,حلبجة,,
ح,حامل رسالة رسول اللهe إلى المقوقس ملك مصر؟,حاطب بن أبي بلتعة,,
ح,من عجائب الدنيا السبع؟,حدائق بابل المعلقة,,
ح,قال الله تعالى في سورة التحريم مخاطباً زوجتين لرسول الله e (( إِن تَتُوبَا إِلَى اللَّهِ فَقَدْ صَغَتْ قُلُوبُكُمَا )) إحداهما عائشة رضي الله عنها فمن الأخرى؟,حفصة بنت عمر,,
ح,من القائل : الأم مـدرسـة إذا أعـددتـها أعـددت شـعـباً طـيـب الأعـراق؟,حافظ إبراهيم,,
ح,يطلق على المطبوعة التي تصدر كل عام؟,حولية,,
ح,مؤلف كتاب ( السلوك الاجتماعي في الإسلام )؟,حسن أيوب,,
ح,يطلق على صغير الضب؟,الحسل,,
ح,يطلق على حركة المقاومة الإسلامية في فلسطين؟,حماس,,
ح,من أقسام الكلمة؟,الحرف,,
ح,مدينة سورية يوجد فيها قبر الصحابي الجليل خالد بن الوليد؟,حمص,,
ح,زوج حليمة السعدية مرضعة رسول اللهe؟,الحارث بن عبد العزى,,
ح,صحابي جليل مات يوم بئر معونة لما طعن من ورائه بحربة قال بعد أن أصيب : ( فزت ورب الكعبة )؟,حرام بن ملحان,,
ح,المكان الذي كانت تسكنه إرم ذات العماد؟,حضرموت,,
ح,لقب لقب به الخليفة الأموي مروان بن محمد؟,الحمار,,
ح,لقب أطلق على الصحابي الجليل عبد الله بن الزبير؟,حمامة المسجد,,
ح,مؤسس جماعة الإخوان المسلمين؟,حسن البنا,,
ح,يطلق على شدة الندم على ما فات؟,الحسرة,,
ح,أضخم الحيوانات اللافقرية؟,الحبار,,
ح,شاعر جاهلي من أصحاب المعلقات اشتهر بمدافعته عن قبيلته أمام عمرو بن هند ملك الحيرة؟,الحارث بن حلزة,,
ح,الذي بنى الكعبة المشرفة بناءها الحالي؟,الحجاج بن يوسف,,
خ,ماذا يسمى طعام الولادة؟,الخرس,,
خ,الاسم القديم لمرض الدفتيريا عند العرب؟,خانوق,,
خ,من أين تحصل الأسماك في البحار على الأوكسجين؟,الخياشيم,,
خ,هو بقايا ما تهدم من المساكن و غيرها و ضد العمران؟,الخراب,,
خ,هي وسيلة لتمثيل سطح الأرض أو جزء منه على لوحة مستوية؟,الخريطة,,
خ,ما هو صوت النمر؟,خرخرة,,
خ,ما هو اللفظ العربي للمادة الكيميائية الزنك؟,خارصين,,
خ,هو شجر هندي سريع النمو لين القضبان أملس العيدان تصنع منه الكراسي؟,الخيزران,,
خ,هو ما يتعمد من الفعل و ضده الصواب؟,الخطاء,,
خ,من القائل : ( فلا نامت أعين الجبناء )؟,خالد بن الوليد,,
خ,كم يبلغ عدد عيون النحلة؟,خمس عيون,,
خ,هو مرادف للخوف؟,الخشية,,
خ,اصطلاح نحوي يطلق على ما يسند إلى المبتدأ؟,الخبر,,
خ,يطلق على عصير العنب أو التمر أو الشعير و شاربه لا يميز و لا يعقل؟,الخمر,,
خ,هو خط عرض تتعامد عليه أشعة الشمس مرتين في السنة .. فما هو؟,خط الاستواء,,
خ,هو قطعة من البحر تدخل في البر؟,الخليج,,
خ,ما الاسم الذي يطلق على المشرق و المغرب؟,الخافقان,,
خ,نبات مخدر يصنع منه الأفيون؟,الخشخاش,,
خ,هو كل ما تغطي به المرأة رأسها؟,الخمار,,
خ,هي زبدة الشيء أو ما يستخرج من المادة حاويا لخصائصها؟,الخلاصة,,
خ,مدينة بالمملكة العربية السعودية بالقرب من الدمام؟,الخبر,,
خ,من الصحابيات التي فقدت أبناءها و زوجها و صبرت؟,الخنساء,,
خ,من الغازات الكيميائية السامة تستعمل عادة في الحروب وهي محرمة دوليا؟,الخردل,,
خ,هو اسم قدم البعير؟,خف,,
خ,قال تعالى : ( و إذ تخلق من الطين كهيئة الطير ) .. ما هو هذا الطير؟,الخفاش,,
خ,لا تعتمد الأوراق الرسمية في المعاملات الحكومية إلا به؟,الختم,,
خ,حلقة من شعر تجعل في أنف البعير بعد ثقبها يشد بها الزمام؟,خزيمة,,
خ,ماذا يقصد بمصطلح ( الفوبيا ) في علم النفس؟,الخوف,,
خ,هو نبات يكثر قرب المياه و من ثمره يستخرج مسهل بزيت معروف؟,الخروع,,
خ,نوع من أنواع الحلي يوضع في قدم المرأة للزينة؟,خلخال,,
د,في اللغة بمعنى المكر؟,الدهاء,,
د,هو من يرسل سرا ليلا ليأتي بالأخبار؟,دسيس,,
د,من مدن جمهورية مصر العربية؟,دمياط,,
د,الليلة الثلاثون من كل شهر قمري سميت بذلك لشدة ظلمتها؟,الدلماء,,
د,ما اسم أول وحدة عملة في تاريخ الإسلام؟,الدينار,,
د,ما هي عاصمة دولة تنزانيا؟,دار السلام,,
د,هو سواد الليل و ظلمته؟,الدجى,,
د,هو المرض و العلة؟,الداء,,
د,يغفر للشهيد كل شيء إلا شيء واحد؟,الدين,,
د,هو صغير الدب؟,ديسم,,
د,هو مرض يصيب أنملة الإصبع فتورم و تتقيح و تكون ألما شديدا؟,الداحوس,,
د,أقصى قعر الشيء و هو ما يقابل الدرج بمعنى الصعود؟,الدرك,,
د,وضع الميت تحت التراب و مواراة بدنه؟,الدفن,,
د,هي الجرة ذات العروة؟,دورق,,
د,هي الشجرة العظيمة المتشبعة ذات الفروع العديدة؟,الدوحة,,
د,طبقات الجنة درجات و طبقات النار .........؟,دركات,,
د,يضخها القلب إلى جميع أجزاء جسم الإنسان؟,الدماء,,
د,ما هو الذي نأكله قبل أن يولد و نأكله بعد أن يموت؟,الدجاج,,
د,بمعنى حسن الخلق و راقي الصفات؟,دماثة,,
د,هو الزمان الطويل أو مدة الحياة كلها؟,الدهر,,
د,هو المخادع أو المحتال في أقواله و أفعاله؟,دجال,,
د,كوكب المريخ له قمران يدوران حوله إحداهما اسمه فوبوس فما هو اسم الآخر؟,دايموس,,
د,ما هو الطائر الذي يكنى بأبي اليقظات؟,الديك,,
د,يطلق على المتصوفة و اتباع الطرق الصوفية؟,دراويش,,
د,هي قول يطلب به الإنسان إثبات حق على الغير في المحاكم؟,الدعوى,,
د,هي السحابة كثيرة المطر؟,داجنة,,
د,هو صوت النمل؟,دبيب,,
د,يطلق على الأسد القوي الشجاع؟,در غام,,
د,هو اسم المفاعل النووي الذي يملكه اليهود في إسرائيل؟,ديمونا,,
د,ماء لم يخرج من الأرض و لم ينزل من السماء؟,الدموع,,
ذ,نوع من أنواع السمك؟,ذئب البحر,,
ذ,بمعنى السهو و سرحان العقل؟,الذهول,,
ذ,حشرة ذكرت في القرآن الكريم؟,الذباب,,
ذ,الانكسار و الخضوع و الهوان؟,ذل,,
ذ,هو القبيح من كل شيء؟,ذميم,,
ذ,اللسان إذا انسلق و انقشر من داء يصيبه؟,ذحق,,
ذ,بمعنى غلبه و سبقه؟,ذرعه,,
ذ,هو من أنواع الجمال الروحي و الخلق الرفيع؟,الذوق,,
ذ,يوصف به نزول الدمع من العين؟,ذرف,,
ذ,هو تسخير الشيء و تسهيله و تمهيده؟,ذلل,,
ذ,ضمير الجمع ( هم ) باللغات الإنجليزية؟,ذم,,
ذ,ما خبئ لوقت الحاجة؟,ذخر,,
ذ,في اللغة بمعنى الخوف و الفزع؟,ذعر,,
ذ,صفة تدل على الفطنة و الحفظ معا؟,الذهن,,
ذ,ما ميقات أهل العراق؟,ذات عرق,,
ذ,خاصية يتميز بها محلول السكر؟,الذوبان السريع,,
ذ,هي الموجات الترددية في الجو؟,ذبذبات,,
ذ,هو أحد الأمراض التي كان العرب يعرفونها قديما؟,ذات الجنب,,
ذ,الذبح أو النحر بشروطه الشرعية؟,ذكاه,,
ذ,هو نوع من أنواع الذباب الهندي؟,الذراح,,
ذ,هو فصاحة اللسان و قوة عربيته؟,ذلاقة اللسان,,
ذ,توجب غضب الرب و تمنع الرزق؟,الذنوب,,
ذ,كلمة تعني نشر الخبر و أعلنه؟,ذاعه,,
ذ,نبات عشبي يصنع منه الخبز و يدخل في صناعة النشا؟,الذرة,,
ذ,الأحداث التي تحدث في الوقت الحالي تمثل في المستقبل ....................؟,ذكريات,,
ذ,هي المرأة السليطة اللسان؟,ذربة,,
ذ,الذباب مشتق من ( ذب آب ) فما معناها؟,ذهب و عاد,,
ذ,معركة قادها خالد بن الوليد ضد الفرس و انتصر فيها؟,ذات السلاسل,,
ذ,من هو الملك الصالح الذي ملك الأرض و ورد ذكره في القرآن؟,ذو القرنين,,
ذ,لقب نبي الله إسماعيل عليه السلام؟,الذب,,
ر,ما مساحة الربع الخالي؟,ربع مليون كم2,,
ر,هو إصلاح الثوب و وصل قطعتيه المنفصلتين؟,رتق,,
ر,الذاكرة العشوائية في الحاسب الآلي؟,رام,,
ر,عملة ماليزيا؟,رينقت,,
ر,نوع من أنواع الأشعة الحديثة لتصوير الدماغ بالألوان؟,الرنين المغناطيسي,,
ر,عنصر فلزي إشعاعي؟,الراديوم,,
ر,شخص يحتجز لضمان اتفاق ما؟,رهينة,,
ر,هو نزف الأنف دما؟,رعاف,,
ر,هو الرمي بالحجارة حتى الموت؟,الرجم,,
ر,هي باطن كف اليد في اللغة؟,راحة,,
ر,هو الباب العظيم الحجم العظيم القفل؟,راتج,,
ر,وحدة وزن إنجليزية؟,رطل,,
ر,أحد أصناف أسنان الفم في الإنسان؟,الرحى,,
ر,الاسم الفارسي لدفتر تقويم السنوات و الشهور و الأيام؟,روزنافه,,
ر,ما هو الشيء الذي يتكلم بكل لغات العالم في نفس الوقت؟,الراديو,,
ر,جهاز يستخدم الموجات اللاسلكية ذات التردد فوق العالي لاكتشاف الأشياء الغير منظورة؟,الرادار,,
ر,من هو أول طبيب مسلم فصل بين طب الأطفال و طب النساء؟,الرازي,,
ر,هو المادة الأساسية في صناعة الزجاج؟,الرمل,,
ر,اسم يطلق على الطفل إلى أن يبلغ السنتين؟,رضيع,,
ر,وحدة لقياس قوة الزلازل التي تحدث؟,ريختر,,
ر,إحدى مفاصل الأصابع؟,الراجية,,
ر,نوع من الألعاب عبارة عن إصابة الهدف و الرمي بالبندقية على أهداف ثابتة أو متحركة؟,الرماية,,
ر,هي النفخة الأولى في الصور يوم القيامة؟,الراجفة,,
ر,الباب الذي يدخل منه الصائمون يوم القيامة؟,الريان,,
ر,محلول السكر الذي يفرز في الأزهار و يمتصه النحل ليصنع منه العسل؟,رحيق,,
ر,هي فرقة من الشيعة تجيز الطعن و السب في كبار الصحابة؟,الرافضة,,
ر,مرض يتميز بآلام في العضلات و المفاصل و يداوى بواسطة المياه المعدنية الحارة؟,الروماتيزم,,
ر,داخل كل إنسان تعيش معه فإذا جاء الموت خرجت و لم تعد؟,الروح,,
ر,ما هو الشرك الأصغر؟,الرياء,,
ر,من أمراض العين؟,رمد,,
ز,هو اهتزاز الأرض و ارتجافها؟,زلزال,,
ز,ما معنى كلمة بترول؟,زيت الصخر,,
ز,ما اسم امرأة عزيز مصر التي راودت يوسف عليه السلام عن نفسه؟,زليخة,,
ز,طعام أهل النار؟,الزقوم,,
ز,من الكتب السماوية؟,الزبور,,
ز,هو ما بين مفصل الكوع و الكتف في جسم الإنسان؟,زند,,
ز,نوع من أنواع النباتات يستعمله الإنسان كشراب بعد غليه؟,زنجبيل,,
ز,هو اللقب الذي أطلق على سيدة نساء أهل الجنة؟,الزهراء,,
ز,هي شجرة لها زهر أبيض طيب الرائحة؟,الزيزفون,,
ز,يابس و صافي كالماء ولد في النار و إذا عاد إليها انهار؟,الزجاج,,
ز,هي السلسلة الحديدية المسننة تدخل في بعض الصناعات؟,زنجير,,
ز,هي قطعة من الحديد حلزونية الالتواء تتمتع بخاصية التمدد و المرونة و تستعمل في بعض الصناعات؟,الزنبرك,,
ز,ما هي عاصمة دولة زينجبار في أفريقيا؟,زينجبار,,
ز,من القبائل المشهورة في أفريقيا يتميزون بشدتهم في الحرب؟,الزولو,,
ز,يطلق على فرخ الحمام و أحد أنواع البلح الأحمر؟,زغلول,,
ز,الملائكة المكلفة بدفع أهل النار إليها؟,الزبانية,,
ز,ما أكبر مدينة من حيث عدد السكان في سويسرا؟,زيورخ,,
ز,من أنواع الخشب و أجودها يصنع منه الأثاث؟,الزان,,
ز,حجر كريم يشبه الزمرد و له ألوان كثيرة؟,زبرجد,,
ز,هو تحريك الشيء بشدة و قوة؟,زعزعة,,
ز,يطلق على الوقت قليلا كان أم كثير؟,الزمن,,
ز,هو الكفر باطنا مع التظاهر بالإيمان؟,زندقة,,
ز,هو مادة فلزية بيضاء تميل إلى الزرقة تستخرج من الأرض و تدخل في صناعات مختلفة مستقلة بنفسها أو مسبوكة مع غيرها؟,الزنك,,
ز,مادة سوداء مستمدة من المواد القطرانية تذيبها الحرارة و تستخدم في رصف الطرق؟,زفت,,
ز,من أول من سل سيفا في الإسلام؟,الزبير بن العوام,,
ز,مرض تآكل خلايا المخ مع تقدم العمر فيصاب الإنسان بالخرف؟,الزهايمر,,
ز,هو علم الحيوان؟,زولوجيا,,
ز,هو الاسم القديم لجمهورية الكونغو في إفريقيا؟,زائير,,
ز,من فرق الشيعة و هم اقرب الفرق للسنة؟,الزيدية,,
ز,هو حجر كريم شفاف شديد الخضرة و أشده خضرة أجوده و أصفاه جوهرا؟,الزمرد,,
س,ما عاصمة البوسنة والهرسك؟,سراييفو,,
س,حيوان لبون لونه أزرق رمادي له ذنب طويل كثيف الشعر يتخذ من جلده فراء حسنة ثمينة؟,سنجاب,,
س,هو القطيع أو الجماعة جنب إلى جنب؟,سرب,,
س,ماذا يسمى شحم سنام الإبل؟,السر هد,,
س,كم عدد أحزاب القرآن؟,ستون حزبا,,
س,من قائد معركة القادسية؟,سعد بن أبي وقاص,,
س,ما أكبر مدينة من حيث عدد السكان في استراليا؟,سيدني,,
س,هو اللباس في النار و جاء وصفه في القرآن؟,سرابيل,,
س,أحد فصائل القرود؟,السعدان,,
س,كم عدد السور التي افتتحت بـ ( طسم )؟,سورتان,,
س,ما عاصمة كشمير؟,سري نجار,,
س,كم كان عمر نبينا محمد صلى الله عليه وسلم عندما ماتت أمه؟,ست سنوات,,
س,هو مربي الخيل و مروضه؟,سائس,,
س,شجرة ذكرت في القرآن؟,السدر,,
س,ترك التكلم مع القدرة عليه؟,السكوت,,
س,وقت في الليل يستحب الاستغفار فيه؟,السحر,,
س,من أول من كتب بسم الله الرحمن الرحيم؟,سليمان عليهالسلام,,
س,المسافة التي يقطعها جسم متحرك في وحدة من الزمن؟,السرعة,,
س,اسم عين في الجنة؟,سلسبيل,,
س,هي وجه بلا لسان و تتحدث عن الزمان؟,الساعة,,
س,تبكي بلا عيون و تمشي بلا أرجل فما هي؟,السحابة,,
س,بمعنى حفيد أو قريب أو صاحب نسل؟,سبط,,
س,الممثل الدبلوماسي لدولة ما في دولة مضيفة؟,سفير,,
س,من أسماء جهنم؟,سقر,,
س,من الثدييات المتوحشة الآكلة للحوم و ذكرت في القرآن؟,السبع,,
س,كل قطعة مستطيلة من المعدن مصبوبة كالقضبان و تكون من الذهب أو الفضة؟,سبيكة,,
س,أحد الفلاسفة اليونانيين؟,سقراط,,
س,هو مرض يظهر عن طريق تكاثر الخلايا في جسم الإنسان بطريقة جنونية حتى الوفاة؟,السرطان,,
س,من مؤلف كتاب تاريخ الخلفاء؟,السيوطي,,
س,عالم نحوي مسلم ذو أصل فارسي يعد من أوسع النحاة شهرة؟,سيبويه,,
ش,ما اسم السبت قبل الإسلام؟,شبار,,
ش,سورة تسمى الجامعة؟,الشعراء,,
ش,ما هو لقب القائد الإسلامي المجاهد عمر بن الخطاب؟,شيخ المجاهدين,,
ش,ما يستعمل لتثبيت الشموع فيه للزينة؟,شمعدان,,
ش,النوع الخفيف من الضباب؟,شبورة,,
ش,في الفيزياء : حزمة دقيقة من الضوء تنطلق باستقامة واحدة من مصدر الضوء؟,الشعاع,,
ش,ما يستعمله الصياد لصيد السمك بسنارته؟,شص,,
ش,هو خفة اليد و أعمال كالسحر في الشيء للعين بغير ما هو عليه؟,شعوذة,,
ش,هو العرق النابض الذي يحمل الدم من القلب إلى الجسد؟,الشريان,,
ش,القطع الصغيرة المتطايرة من قنبلة ما؟,شظايا,,
ش,يطلق على البخيل الحريص على المال؟,الشحيح,,
ش,إلى أين كانت رحلة الصيف لقريش؟,الشام,,
ش,هو الطريد الذي لا مأوى له؟,الشريد,,
ش,العلامة التي تميز دولة أو جماعة من قول أو نقش أو غيرهما؟,الشعار,,
ش,مذهب فكري يقوم على الإلحاد و أن المادة هي أساس كل شيء و تنكر وجود الله؟,الشيوعية,,
ش,القائد الفرنسي الذي هزم المسلمون في معركة بلاط الشهداء؟,شارل ما رتل,,
ش,نهر يتكون من التقاء نهري دجلة و الفرات يصب في الخليج العربي؟,شط العرب,,
ش,هو الخصام و القطيعة بين فرد أو جماعة أخرى؟,شقاق,,
ش,امرأة حكمت مصر 80 дней بعد وفاة زوجها؟,شجرة الدر,,
ش,بمعنى قطع الزوائد و قلمها؟,شذب,,
ش,هي إحدى مراحل تطور الدودة في خلقتها؟,شرنقة,,
ش,أحد الأئمة الأعلام و صاحب مذهب فقهي؟,الشافعي,,
ش,هو نوع من الأغطية كانت العرب تستعمله في لباسها؟,شملة,,
ش,هو جدول الماء المتساقط من مستوى مرتفع إلى مستوى منخفض؟,شلال,,
ش,كتلة من الغازات الملتهبة و مصدر للحرارة التي تحتاج إليها الكائنات الحية؟,الشمس,,
ش,هو ما يتطاير من النار أو الضوء الحادث من التفريغ الكهربائي؟,شرارة,,
ش,هو مجاوزة الحد و البعد عن الحق؟,شطط,,
ش,من هو العدو الأول لبني الإنسان؟,الشيطان,,
ش,طائر من الجوارح من فصيلة الصقور؟,شاهين,,
ش,عملة اليهود في أرض فلسطين؟,شيكل,,
ص,ما أكثر الدول سكانا في العالم؟,الصين,,
ص,ما أقدم دولة تنتج البخور و اللبان في العالم؟,الصومال,,
ص,ما هو الاسم السري لقنبلة هيروشيما؟,الصبي الصغير,,
ص,هو لفظ يعبر عن التحسين لمادة صلبة و إخراجها بشكل أفضل؟,صقل,,
ص,ما هو العذاب الذي وقع على قوم ثمود؟,الصيحة,,
ص,هو نوع من أنواع الأخشاب غالية الثمن؟,الصندل,,
ص,يستخرج من الشجر و يساهم في تطوير العديد من الصناعات؟,صمغ,,
ص,هي قمة ظهر الفرس؟,صهوة,,
ص,كانت العرب تستخدمه في حفظ المال في جيوبها؟,صرة,,
ص,إحدى أنواع الحمى تصيب الإنسان؟,الصفراوية,,
ص,هو عمود يقام في السفينة يشد عليه الشراع؟,الصاري,,
ص,سائل قلوي أصفر أو أخضر اللون يفرزه الكبد و يتكون من الماء و بعض الأحماض و يتجمع في المرارة؟,الصفراء,,
ص,يطلق على صوت السيوف في الحرب؟,صليل,,
ص,لفظة وردت في القرآن الكريم تعني منهاج الله و طريقته؟,صبغة,,
ص,هبوط فجائي في المراكز الحيوية للجهاز العصبي و من أسبابه إصابات العنف و التوتر؟,الصدمة العصبية,,
ص,عاصمة بلغاريا تقع في واد قرب جبال البلقان؟,صوفيا,,
ص,ظاهرة اصطدام الصوت بحاجز ثم رجوعه مرة أخرى؟,الصدى,,
ص,مدينة توجد في الجزء الشرقي من وسط تونس على البحر الأبيض المتوسط عند خليج قابس؟,صفا قس,,
ص,هو شدة الشوق و الهوى؟,صبابة,,
ص,صيحة تصم الآذان لشدتها يوم القيامة؟,الصاخة,,
ص,هم الذين يدخلون الجنة من باب الريان؟,الصائمون,,
ص,ما هي الخمس التي لا سادس لها؟,الصلوات,,
ص,الاسم الذي يطلق على معبد اليهود قديما ورد اسمه في بعض الأحاديث النبوية الشريفة؟,الصومعة,,
ص,من هم الذين وصفهم الله بعبدة الكواكب؟,الصائبة,,
ص,آلة ينفخ فيها أسرا فيل يوم القيامة النفخة الأولى و هي نفخة الفزع و فيها يختل النظام الكوني؟,الصور,,
ص,جزيرة في وسط البحر الأبيض المتوسط فتحها المسلمون بقيادة أسد الفرات؟,صقلية,,
ص,هو الجزء م بين العين و الأذن؟,صدغ,,
ص,ماذا يطلق على صوت الفرس؟,صهيل,,
ص,هو وصف للملائكة ورد في القرآن الكريم؟,الصافات,,
ص,حجر كانت تستخدمه العرب قديما لإشعال النار إذا ضرب بعضه ببعض؟,الصوان,,
ض,هو بخار الماء الكثيف و يغشى الأرض كالدخان؟,الضباب,,
ض,من أسماء الأسد مكون من أربعة حروف؟,ضيغم,,
ض,هو الشيء الذي يؤنب الإنسان على فعل خطاء في نفسه؟,الضمير,,
ض,المتمكن من الشيء المتعمق في عمله و الماهر به؟,ضليع,,
ض,نبات ذكره الله في القرآن الكريم في سورة الغاشية و هو طعام أهل النار؟,الضريع,,
ض,ميزة تكثر في مدينة لندن البريطانية؟,الضباب,,
ض,القوة المؤثرة التي تتركز على نقطة معينة بفعل الثقل الذي يحدثه عمود الهواء على هذه النقطة؟,الضغط الجوي,,
ض,السم الذي أطلقته دولة الكويت للدول التي ناصرت الغزو العراقي؟,صهوة,,
ض,صفة النصارى التي ذكرها القرآن الكريم في سورة الفاتحة؟,الضالين,,
ض,من أسماء الأيد مكون من خمسة حروف؟,ضرغام,,
ض,هو الكفيل أو الملتزم في المعاملات المالية؟,ضامن,,
ض,هي وظيفة القلب الأساسية في الجسم؟,ضخ الدم,,
ض,هي حديدة عريضة يضبب بها الباب؟,ضبة,,
ض,هو ما يطلق على العزيز و خاصة الولد؟,الضى,,
ض,نستمده من أشعة الشمس على الأرض؟,الضوء,,
ض,من مراتب صحة الحديث؟,الضعيف,,
ض,هو تصحيح الكتاب و تدقيقه و تشكيله؟,ضبط,,
ض,من معجزات موسى عليه السلام لفرعون؟,الضفادع,,
ض,هي الحاجة أو الشدة التي لا مدفع لها؟,ضرورة,,
ض,ما هي السورة التي سميت باسم وقت من أوقات الزمن؟,الضحى,,
ض,هي شاطئ البحر و ساحله؟,الضفة,,
ض,الشعر الطويل المتشابك مع بعضه البعض مكونا الجدائل؟,ضفيرة,,
ض,هي عظم مستطيل من عظام الجنب منحني؟,الضل,,
ض,هو القبر المبني حوله أو مكان دفن الإنسان؟,ضريح,,
ض,هو جري الماء و رشه؟,ضخ,,
ض,هو ما تضرم به النار من الحطب؟,الضرام,,
ض,كلمة مرادفة للحقد؟,ضغينة,,
ض,هو الجلبة و الصياح و أكثر ما تكون من السيارات؟,ضجيج,,
ض,العملية الأساسية في الحساب و الجبر؟,الضرب,,
ض,هو التزام الهدوء بعد التعرض لموقف يضيق به الصدر؟,ضبط النفس,,
ط,مدينة لبنانية و ميناء مهم تشتهر ببساتين الزيتون و فيها معمل لتكريري البترول؟,طرابلس,,
ط,بما كانت تدعى أم المؤمنين خديجة في الجاهلية؟,الطاهرة,,
ط,ما أكبر مدينة في آسيا؟,طوكيو,,
ط,هو العرق التركي الذي يتغنى به دعاة التعصب لقومية الشعوب؟,الطورانية,,
ط,من هو الصحابي المعروف بذي النور؟,الطفيل بن عمر الدوسي,,
ط,هو أول ملوك الدولة السلجوقية؟,طغرلبك,,
ط,ما معنى حجارة من سجيل؟,طين متحجر,,
ط,هي الصواريخ التي تطلقها الغواصات في البحار؟,طوربيد,,
ط,من هو أول تابعي فسر القرآن؟,الطبري,,
ط,الحالة التي تتكون فيها شخصية الإنسان مستقبلا و تدور حوله كثير من أسباب العقد النفسية؟,الطفولة,,
ط,من هو الشخص الذي لا يغضب إذا أخرجت له لسانك؟,الطبيب,,
ط,هو نظام اجتماعي يعتمد على الفصل بين أفراد المجتمع؟,طبقية,,
ط,يحملك إلى حيث تريد و هو واقف؟,الطريق,,
ط,الوصف الذي ورد في الحديث الشريف للقطط؟,الطوافون,,
ط,من الأمراض الخطيرة كان يسمى الموت الأسود؟,الطاعون,,
ط,البحيرة التي سيشربها يأجوج و مأجوج في آخر الزمان؟,طبرية,,
ط,قذيفة ذاتية الانطلاق معدة لنسف سفن العدو و غواصاته؟,طربيد,,
ط,هو ما يتعذر فهمه و فك رموزه؟,طلاسم,,
ط,جبل أقسم الله تعالى به في القرآن الكريم؟,الطور,,
ط,هي الخضرة التي تعلو الماء الراكد أو النهري؟,طحلب,,
ط,من أسماء يوم القيامة؟,الطامة,,
ط,هو الكائن الحي الذي يعيش على غيره؟,طفيلي,,
ط,مدينة أسبانية تاريخية حكمها المسلمون قرونا طويلة؟,طليطلة,,
ط,هي البثور الجلدية التي تنشأ بسبب بعض الأمراض؟,طفح,,
ط,هو وزن للأثقال يقدر بألف كيلو جرام؟,طن,,
ط,أول باب في كتب الفقه؟,الطهارة,,
ط,من الشعوب المسلمة يضع الرجال على وجوههم لثاما أسود أو أزرق طيلة الوقت؟,الطوارق,,
ط,المدينة التي رحل إليها النبي صلى الله عليه و سلم قبل المدينة؟,الطائف,,
ط,أين كلم الله سبحانه و تعالى نبي الله موسى عليه السلام؟,طور سيناء,,
ط,صوت النحل أو الذبابة عند طيرانها؟,طنين,,
ظ,هي الأشعة الخاصة بتصوير قنوات العمود الفقري لدى الإنسان؟,الظليلة,,
ظ,هو الشيء الذي إذا سرت سار معك و لا تسبقه؟,الظل,,
ظ,هو من تكلم بكلام لا يفهم؟,ظأظأه,,
ظ,نهى الله عنه و قال أن بعضه إثم؟,الظن,,
ظ,هو اسم من أسماء الثعبان؟,الظربغانه,,
ظ,الشعر يصف بعضه حول بعض؟,الظفائر,,
ظ,هو علم الميتورولوجي؟,الظواهر الجوية,,
ظ,سلطان مملوكي يعود إليه الفضل بعد الله في تصفية الجيوش الصليبية و صد غارات التتار؟,الظاهر بيبرس,,
ظ,هو ما يذكر على ذكر النعام؟,ظليم,,
ظ,ماذا تسمى المرأة التي ترضع غير و لدها؟,الظئر,,
ظ,هي الناقة السوداء أو التي تغلب عليها السمرة؟,الظمياء,,
ظ,كان للرسول صلى الله عليه و سلم فرس . ما اسم هذا الفرس؟,الظرب,,
ظ,هي إحدى المذاهب القديمة التي تقوم على الأخذ بظاهر النص فقط؟,الظاهرية,,
ظ,هي العين الرقيقة الجفن؟,ظمياء,,
ظ,بماذا وصف نبي الله يونس نفسه في بطن الحوت؟,الظالمين,,
ظ,يطلق على الهودج الذي تركبه المرأة على الجمل؟,الظعينة,,
ظ,هو الجلد الميت النابت من جسم الإنسان يتم التخلص منه دوريا؟,الظفر,,
ظ,في الرياضيات : عكس ظل الزاوية؟,ظل التمام,,
ظ,هو يوم العذاب الذي أصاب قوم شعيب؟,الظلة,,
ظ,هو الظفر المشقوق للبقرة و الشاة و الظبي و نحوها؟,ظلف,,
ظ,ما كان المشهور عن الحجاج بن يوسف الثقفي في زمانه؟,ظالم,,
ظ,أصوات أجواف الإبل من شدة العطش؟,الظبظاب,,
ظ,بمعنى فاز و نجح في تحصيله؟,ظفر,,
ظ,في النحو : اسم دل على زمان الحدث أو مكانه؟,ظرف,,
ظ,ماذا كان يطلق على بحر المحيط الأطلسي قديما؟,الظلمات,,
ظ,هو الغلبة و الفوز و القهر؟,الظفر,,
ظ,هو المعين و المساعد؟,ظهير,,
ظ,في اللغة : بمعنى دام و استمر؟,ظل,,
ظ,من مدن سلطنة عمان؟,ظفار,,
ظ,يدخل فيه المتحابون في الله يوم القيامة؟,ظل عرش الرحمن,,
ع,من خامس الخلفاء الراشدين؟,عمر بن عبد العزيز,,
ع,ماذا يسبب نقص فيتامين ( أ )؟,العمى الليلي,,
ع,من أول فدائي في الإسلام؟,علي بن أبي طالب,,
ع,ماذا يسمى ذكر الضفدع؟,العلجوم,,
ع,من قائد غزوة ذات السلاسل؟,عمرو بن العاص,,
ع,اللقب الذي أطلق على القارة الأمريكية عندما اكتشفها كولومبوس؟,العالم الجديد,,
ع,يوم مشهور من يصومه يكفر السنة الماضية نجى الله فيه نبي الله موسى عليه السلام؟,عاشوراء,,
ع,تسمى التوراة عند النصارى العهد القديم فماذا يسمى الإنجيل؟,العهد الجديد,,
ع,ماد صلبة لا طعم لها و لا ريح إلا إذا أحرقت أو سحقت ينبعث منها رائحة زكيه؟,العنبر,,
ع,هو الداء المزمن الذي لا علاج له؟,عضال,,
ع,تقسيم البشرية على أساس باطل من بعض المعايير كلون البشرة و نوع الشعر و اللغة و العائلة و البلد؟,العنصرية,,
ع,هو الاسم القديم الذي كانت تعرفه العرب لنظام الشرطة؟,العسس,,
ع,يطلق على المرأة المتحببة إلى زوجها؟,عروب,,
ع,أحد الاختراعات لتصحيح النظر؟,العدسات,,
ع,لقب السيدة مريم عليها السلام؟,العذراء,,
ع,هي قافلة الجمال التي تكون محملة بالبضائع و السلع؟,عير,,
ع,هي الناقة التي مضى على حملها عشرة أشهر؟,العشراء,,
ع,الحيوان الصنم الذي عبدته بني إسرائيل؟,العجل,,
ع,من الحشرات التي ذكرت في القرآن؟,العنكبوت,,
ع,من أحفاد نوح عليه السلام و إليه تنسب العرب؟,عدنان,,
ع,ما هو صوت الذئب؟,عواء,,
ع,المرأة التي لم تتزوج؟,عذراء,,
ع,معركة كانت بين المسلمين و التتار بقيادة قطز و معاونه الظاهر بيبرس؟,عين جالوت,,
ع,لغة اليهود؟,العبرية,,
ع,إذا طال قصر فما هو؟,العمر,,
ع,هي مادة قرن الفيل؟,العاج,,
ع,ماذا يسمى طعام المولود في اليوم السابع؟,العقيقة,,
ع,ما هو اسم أبو جهل؟,عمرو بن هشام,,
ع,ما اسم العام الذي ولد فيه سيدنا محمد صلى الله عليه وسلم؟,عام الفيل,,
ع,ما هو الاسم الذي يطلق على الخط الذي كتب به القرآن الكريم؟,العثماني,,
غ,أحد أسماء الأسد؟,الغضنفر,,
غ,هو باب من أبواب الشعر طرقه الشعراء و تغنوا به و ملئوا به دواوينهم؟,الغزل,,
غ,ماذا يسمى طعام الختان؟,الغديرة,,
غ,في مصطلح الحديث ما رواه واحد؟,غريب,,
غ,كائن خرافي ضخم اشتهر عند العرب في روايات ألف ليلة و ليلة؟,غول,,
غ,من أول من صنع المجهر البسيط؟,غاليليو,,
غ,الصبي الذي يقارب سن البلوغ؟,الغلام,,
غ,هو الكلام غير المفهوم؟,غص غصة,,
غ,الكرب و الحزن ماذا يسمى؟,الغم,,
غ,يطلق على ذكر السلحفاة؟,غليم,,
غ,هم العرب النصارى حلفاء الروم أيام العصر الجاهلي؟,الغساسنة,,
غ,ماذا يطلق على صوت النائم؟,غطيط,,
غ,واحد من فواسق الدواب؟,الغراب,,
غ,يطلق على من يموت في البحر أو النهر؟,غريق,,
غ,هي المرأة التي استغنت بمالها عناية محسنات؟,غانية,,
غ,اسم من أربعة حروف إذا حذفت منه حرف زال؟,غزال,,
غ,هو ما به نماء الجسم و قوامه؟,غذاء,,
غ,هو الليل إذا أقبلت ظلمته؟,غطش,,
غ,لقب الصحابي الجليل حنظلة بن عامر رضي الله عنه؟,غسيل الملائكة,,
غ,من أسماء يوم القيامة ورد في القرآن الكريم؟,الغاشية,,
غ,هو بيت السيف؟,غمد,,
غ,إفاضة الماء على البدن كله مع النية؟,الغسل,,
غ,مجاوزة الأمر المحدود؟,الغلو,,
غ,هو العقل الظالم و الجائر؟,الغاشم,,
غ,من الطيور المائية الجميلة لونه أسود؟,الغر نوق,,
غ,تلون السماء بعد غروب الشمس؟,الغسق,,
غ,هو صوت الماء المتحرك في حلق الإنسان؟,الغرغرة,,
غ,لفظ يقصد به الزمن الماضي شديد القدم؟,الغابر,,
غ,هو السحاب الأبيض؟,الغمام,,
غ,هو ما يكون سحيقا و عميقا؟,غائر,,
ف,ما أكبر بحيرة نهرية في العالم؟,فكتوريا,,
ف,ما أسرع الحيوانات البرية؟,الفهد الهندي,,
ف,إلى ماذا يؤدي نقص الحديد في الجسم؟,فقر الدم,,
ف,أعلى درجات الجنة؟,الفردوس,,
ف,هو الفقر و قلة ذات اليد و الشح؟,الفاقة,,
ف,سورة في القرآن غير الفاتحة تبدأ بالحمد لله؟,فاطر,,
ف,أحد علماء الرياضيات الإغريق له نظريات لا زالت تدرس إلى اليوم؟,فيثاغورس,,
ف,حيوان برمائي تلد صغارها تحت الماء؟,فرس النهر,,
ف,مرض في باطن جسم الإنسان يصيب منطقة الصفاق يعالج في النهاية بعملية جراحية؟,الفتاق,,
ف,أطول عظمة في جسم الإنسان؟,الفخذ,,
ف,مادة استعملت كمرهم للجسم مشتقة من النفط؟,فازلين,,
ف,من هم أكثر أهل الجنة؟,الفقراء,,
ف,طريقة من طرق الموت أنباء الرسول صلى الله عليه و سلم بحدوثها بكثرة في آخر الزمان؟,الفجأة,,
ف,لونه أسود ولا ينتفع به إلا إذا كان لونه أحمر؟,الفحم,,
ف,هو علم الكلام و المنطق؟,الفلسفة,,
ف,ما الشيء الذي إذا وضع في الثلاجة لا يبرد؟,الفلفل,,
ف,هو شكل من أشكال المعالجة الطبية كانت تستعمل قديما يتم فيها سحب الدم من جسم الإنسان للشفاء من بعض الأمراض؟,الفصد,,
ف,أول من ابتدع الاحتفال بالمولد النبوي؟,الفاطميون,,
ف,حضارة اندثرت قبل آلاف السنين؟,الفينيقية,,
ف,نوع من أنواع الورد ذو رائحة نفاذة؟,الفل,,
ف,هو من الأحجار الكريمة بخلاف الفسيفساء؟,الفيروز,,
ف,هو صوت الأفعى من فمها؟,فحيح,,
ف,عيد من أعياد النصارى؟,الفصح,,
ف,بروز جزء من الأمعاء من فتحة جدار البطن؟,الفتق,,
ف,عاصمة النمسا؟,فينا,,
ف,وحدة قياس كهربائية وهي وحدة القوة الدافعة الكهربائية؟,فولت,,
ف,إحدى ولايات الولايات المتحدة الأمريكية؟,فلوريدا,,
ف,مجموعة جرثومية دقيقة جدا لا ترى إلا بالمجهر تسبب أمراضا كثيرة للإنسان و الحيوان و النبات؟,الفيروسات,,
ف,من الأنظمة الإملائية تستخدم في الكتابة؟,الفاصلة,,
ف,لغة إيرانية من الفصيلة الهندية الإير انية للغات الهندية الأوروبية؟,الفارسية,,
ق,من هو أول ولد آدم؟,قابيل,,
ق,ما هو أول ما خلق الله؟,القلم,,
ق,من قائد معركة عين جالوت؟,قطز,,
ق,ما وحدة الوزن التي يوزن بها الماس و الأحجار الكريمة و تساوي خمسة جرامات؟,القيراط,,
ق,ماذا يسمى طعام الضيوف؟,القرى,,
ق,ما أكبر مدينة في أفريقيا؟,القاهرة,,
ق,هو الطوب الأحمر يستخدم في البناء؟,القرميد,,
ق,هي الفراسة في تتبع الأثر و معرفة مسارات الركبان؟,القيافة,,
ق,له خمسة أصابع بلا لحم و لا عظم؟,القفاز,,
ق,المسمى الذي يطلق على غرفة القيادة في السفينة؟,قمره,,
ق,ما أول منازل الآخرة؟,القبر,,
ق,نوع من أنواع الطعام طلبه اليهود من موسى عليه السلام؟,قثاء,,
ق,وجه بلا لسان و يدل على الزمان؟,القمر,,
ق,جبل في مكة اشتهر في عهد قريش؟,قبيس,,
ق,شيء كعبه للحيوان و رأسه للإنسان؟,القمح,,
ق,ما هو الوصف الذي وصف به الرسول صلى الله عليه و سلم به النساء؟,القوارير,,
ق,في أي مكان يكون فيه الخريف قبل الصيف و الخادم قبل السيد؟,القاموس,,
ق,الاسم الذي يطلق على مولدة النساء؟,قابلة,,
ق,هم قوم ينكرون القدر و يقولون أن كل إنسان خالق لفعله بإرادته؟,القدرية,,
ق,فئة اشتهرت في القرون الوسطى الميلادية بغزو السفن البحرية و السطو عليها؟,القراصنة,,
ق,ما أحدثه الصوفية على المساجد بجوار المآذن؟,قباب,,
ق,هو من رهبان النصارى و أعيان كنيستهم؟,قسيس,,
ق,من أنواع الطائرات الحربية تقوم بإسقاط القنابل و الصواريخ على مواقع العدو؟,قاذفة,,
ق,بمعنى تتبع أثره و لحقه؟,قصه,,
ق,من أصحاب القرآت السبع؟,قالون,,
ق,من الحشرات تصيب فروة الرأس أو شعر الحيوانات؟,القراد,,
ق,ما اسم ناقة النبي صلى الله عليه و سلم؟,القصواء,,
ق,مسمى يطلق على أدوات الكتابة من ورق و أقلام و مساطر و نحوه؟,قرطاسية,,
ق,معلم من معالم المسجد الأقصى؟,قبة الصخرة,,
ق,أول مسجد في الإسلام؟,قباء,,
ك,ما هو أكبر عضو في الجسم؟,الكبد,,
ك,من داعية الشيوعية؟,كارل ماركس,,
ك,وحدة من وحدات النقود الذهبية عند العرب و قد جاء ذكرها في سورة آل عمران فما اسمها؟,كله,,
ك,ما السؤال الذي تختلف إجابته دائما؟,كم الساعة,,
ك,ما أكبر مدينة في الهند من حيث السكان؟,كلكتا,,
ك,ما اسم ابن نوح الذي غرق في الطوفان؟,كنعان,,
ك,هو الأدب القديم أو أدب التراث؟,كلاسيكي,,
ك,زيت طيار صلب في درجات الحرارة العادية أبيض شفاف متبلور ذو رائحة؟,كافور,,
ك,ما هي عملة جمهورية التشيك؟,كورون,,
ك,حيوان فيه منفعة مباحة للحاجة و لا يصح بيعه؟,الكلب,,
ك,ما هو علم الجريمة و دوافعها؟,الكرومونولوجي,,
ك,ما هو الذي خلقه الله تعالى و استعظمه؟,كيد النساء,,
ك,ما هي مادة ملح الطعام الكيمائية؟,كلوريد الصوديوم,,
ك,له أربع أرجل و لا يستطيع المشي إلا محمولا؟,الكرسي,,
ك,هو مبنى البرلمان الروسي؟,الكر ملين,,
ك,من المواد البترولية أقل كثافة من السولار و قابل للاشتعال؟,الكيروسين,,
ك,رابطة الشعوب المستقلة من الاستعمار البريطاني؟,الكومن ولث,,
ك,تجويف طبيعي سطحي أو جوفي في صخرة أو جبل بعضها داخلي و بعضها سطحي؟,الكهف,,
ك,المجلس التشريعي الذي تصدر منه القرارات في الولايات المتحدة الأمريكية؟,الكونغرس,,
ك,ملك دعا عليه رسول الله صلى الله عليه و سلم عندما تلقى كتاب النبي و مزقه و قال : ( اللهم مزق ملكه )؟,كسرى,,
ك,وكالة الأنباء الكويتية؟,كونا,,
ك,ما هو الاسم الكيميائي للطباشير المستخدمة في الكتابة؟,كربونات الكالسيوم,,
ك,هو أصل القائد صلاح الدين الأيوبي؟,كردي,,
ك,صفة أخرجت إبليس من الجنة؟,الكبر,,
ك,أتاوى هي عاصمة لإحدى الدول المتقدة فما هي هذه الدولة؟,كندا,,
ك,هي مقاطعة تتنازع عليها الهند وباكستان و قامت من أجلها الحروب؟,كشمير,,
ك,هو لقب موسى علي السلام؟,كليم الله,,
ك,طائر طويل الرجلين و المنقار أغبر له صوت حسن؟,الكروان,,
ك,ما أهم نهر في أفغانستان؟,كابل,,
ك,يطلق على السنة الميلادية التي يكون فيها شهر فبراير 29钱财 و هي تأتي كل أربع سنوات؟,كبيسة,,
ل,ما أكبر مدينة في أوروبا؟,لندن,,
ل,يكون في الصبح واحد و في الليل ثلاثة فما هو؟,حرف اللم,,
ل,هو اسم من أسماء الفضة؟,لجين,,
ل,هو الطفل الصغير الذي يوجد في الطريق و لا يعرف نسبه؟,اللقيط,,
ل,ما هو أخف المعادن؟,الليثيوم,,
ل,أين يقع نهر الكلب؟,لبنان,,
ل,من المكونات الداخلية لجهاز الكمبيوتر الشخصي؟,اللوحة الأم,,
ل,جسم مستطيل متحرك خطره عظيم إذا استخدم في الشر و بسببه يكب الناس في النار؟,اللسان,,
ل,هو علم يختص بدراسة اللغات و أصلها و تفرعها و علاقتها ببعضها البعض؟,اللسانيات,,
ل,هو الغلاف الخارجي الصلب لساق الشجرة و جذورها و أغصانها؟,لحاء,,
ل,مرض سرطان الدم؟,اللوكيميا,,
ل,من هو اليهودي الذي سحر النبي؟,لبيد بن الأعصم,,
ل,من أوصاف بقرة بني إسرائيل كما وردت في القرآن الكريم؟,لا شية فيها,,
ل,هو سيد الطعام؟,اللحم,,
ل,هي المتفرعة من اللغة الأم تتداولها الشعوب في إقليم محدود؟,اللهجة,,
ل,كلمة مناداة تعبر عن الخضوع؟,لبيك,,
ل,هو صمغ يفرز من بعض النباتات يعلك؟,لبان,,
ل,هو ما يتكون من جماعة من الناس يجتمعون لتحقيق هدف سوية؟,لجنة,,
ل,هو علبة تجعل فيها مادة متفجرة كالبارود أو الديناميت تستعمل في الحروب؟,لغم,,
ل,كتاب كتب فيه ما كان و ما سيكون إلى يوم القيامة؟,اللوح المحفوظ,,
ل,من هو النبي الذي آمن بنبي؟,لوط,,
ل,هو العالم باللغة المتفقه فيها؟,لغوي,,
ل,إحدى مدن الولايات المتحدة الأمريكية؟,لوس أنجلوس,,
ل,هو الخصم الشديد الخصومة؟,اللدد,,
ل,هو غبار لطلع ينتشر في الهواء؟,لقاح,,
ل,أحد أكبر المعاجم العربية ألفه ابن منظور؟,لسان العرب,,
ل,هو الإشارة بالعين و نحوها للمخاطبة و الاستهزاء؟,اللمز,,
ل,أطول كلمة في القرآن؟,ليستخلفنهم,,
ل,هي الأصوات المبهمة المتعالية التي لا تفهم؟,لغط,,
ل,يستخرج من البحر و يباع بأغلى الأثمان؟,اللؤلؤ,,
م,هي أمر خارق للعادة يجريه الله على أيدي أنبياء؟,المعجزة,,
م,من أعلم هذه الأمة بالحلال و الحرام؟,معاذ بن جبل,,
م,ما سورة الدين؟,الماعون,,
م,ما اسم كل شيء يشغل حيزا من الكون و له ثقل؟,المادة,,
م,من مؤسس الدولة الأموية؟,معاوية بن أبي سفيان,,
م,من فاتح السند؟,محمد بن القاسم,,
م,أين تقع رابطة العالم الإسلامي؟,مكة المكرمة,,
م,ما هو الخط الذي يصل بين القطب الشمالي و القطب الجنوبي للأرض؟,محور الأرض القطبي,,
م,أين ظهرت الدولة الطولونية و الإخشيدية؟,مصر,,
م,هي إحدى لغات الكتابة في عهد ما قبل الميلاد؟,المسمارية,,
م,من هم الزبانية؟,ملائكة العذاب,,
م,الساعة الشمسية التي استخدمها العرب قديما لقياس الوقت؟,مزولة,,
م,يدخل في تركيب جميع أعضاء جسم الإنسان؟,الماء,,
م,حيوان بري منقرض يعتبر حجمه هائل جدا ذو قرون طويلة و هو من أجداد الفيل؟,ماموث,,
م,ما هو الذي لا ينتفع به إلا إذا أشعلنا في عينيه؟,الموقد,,
م,مادة مخدرة تستخدم في العمليات الجراحية؟,مورفين,,
م,ما هو الشيء الذي يحتكم إليه كل أحد و ليس من الأحياء؟,الميزان,,
م,غشاء الجنين الذي يخرج معه عند الولادة؟,المشيمة,,
م,يطلبه الناس و يحتاجونه و يهربون منه إذا حضر؟,المطر,,
م,القطار الكهربائي تحت الأرض؟,المترو,,
م,ما الشيء الذي خرج من الماء و إذا أتى عليه الماء هلك؟,الملح,,
م,آلة حربية استعملها الرومان لقذف الحجارة أو الذهب عن بعد؟,المنجنيق,,
م,ما هو الشيء الذي لا ينتفع به إلا إذا وضعت إصبعك في عينيه؟,المقص,,
م,آلة تستعمل لإعدام إنسان بفصل رقبته عن جسده استعملت في الثورة الفرنسية لإعدام النبلاء؟,مقصلة,,
م,أقصر آية في القرآن؟,مد هامتان,,
م,الأغشية التي تغلف الأمعاء و تربطها بالجدار البطني؟,المساريقا,,
م,ماذا تسمى الميتة بالضرب؟,الموقوذة,,
م,سباق العدو الطويل الذي مسافته 26 ميل 385 ياردة؟,ماراثون,,
م,أشد الناس عذابا يوم القيامة؟,المصورون,,
م,هو وصف يطلق على الرجل المحارب الذي عبأ نفسه بالأسلحة و الذخيرة؟,مدجج,,
ن,ما هي أول فتنة بني إسرائيل؟,الناقة,,
ن,ماذا يسمى طعام القادم من سفره؟,النقيعة,,
ن,من المقصود بهذه الآية : ( فبهت الذي كفر )؟,النمرود,,
ن,ما معنى اسم جعفر؟,النهر الصغير,,
ن,ما هي الحشرة التي تكلمت في القرآن و تبسم نبي الله سليمان عليه السلام من قولها؟,النملة,,
ن,هي عروق الفؤاد و القلب؟,نياط,,
ن,ما اسم الدابة التي أرسلت إلى ثمود؟,ناقة الله,,
ن,نقط بيض أو سود و بقع تقع في الجلد وتخالف لونه؟,نمش,,
ن,ما هي الحطمة؟,النار,,
ن,من الإبل طويلة العنق و هو اسم مؤنث؟,نجود,,
ن,ما هي أكبر دولة إسلامية في أفريقيا؟,نيجيريا,,
ن,الاسم المعرب لجهاز الفاكس؟,ناسوخ,,
ن,ما هو لقب صلاح الدين الأيوبي؟,الناصر,,
ن,الرئيس الأمريكي الذي استقال من منصبه بسبب فضيحة سميت بفضيحة ( واترغيت ) في السبعينيات؟,نيكسون,,
ن,ماذا يسمى صوت الدجاجة؟,نقنقة,,
ن,مسمى الحركة التي تزعمها الألمان في الحرب العالمية الثانية؟,النازية,,
ن,ما هي الحشرة التي لها خمسة عيون؟,النحلة,,
ن,هو الصور الذي سينفخ فيه إسرافيل؟,الناقور,,
ن,خلقت من غير أم و لا أب؟,ناقة صالح,,
ن,من مكونات مادة السيجارة؟,نيكوتين,,
ن,هو عصيان المرأة و ترفعها على زوجها؟,نشوز,,
ن,ما هي عاصمة كينيا؟,نيروبي,,
ن,هو حفرة تحت الأرض له مدخل و مخرج ممهدة ليسير بها الإنسان و الحيوان و السيارات و غيرها؟,النفق,,
ن,إحدى الدول الاسكندنافية؟,النرويج,,
ن,هو المثل و النظير؟,الند,,
ن,بمعنى برك الجمل و قعد؟,ناخ,,
ن,حالة طبيعية تتعطل معها القوى بسبب ترقي البخارات إلى الدماغ؟,النوم,,
ن,من المعادن ذات الوسط الموصل للكهرباء؟,النحس,,
ن,هم الذين عرفوا قديما بكثرة الزهد و الابتعاد عن الدنيا و الانهماك بالعبادة؟,النساك,,
ن,أداة استعملها النصارى قديما للإعلان عن صلاتهم؟,الناقوس,,